Addresses,Amount
27W8ZRBcqddAa2ufp3uQcKvKskizERa31dLHoTp2PR7H,0.01
9CW8RgoH3jJvG1opvjEuDMNePjuFhFxgYA5RmPA3Q9wb,0.01
GeFiqkRUFdnaS8gs7fDQoDSM4U2wr6uTXfieCPUGejiN,0.01
6GR1JL5QgpTHUeBty1zCLtPPsgAJ6gQJByzHPzeYTJvx,0.01
EpmEh2S928nMFLWFZYUQSECUZZXj7Gp4BrNZ7qEJ9BMg,0.01
EYTx7QMLw7SKAWE3ocgsp3bXJwdFuaNHCovUjnGKTLri,0.01
GVDKUDuWmfuowa34FjiathaSbRaML5sYDyuvTvvEQH3a,0.01
AXKErTMre9cDwD7D6Ya5wzgUGkhdn4XbJGtw7BZ3a4WN,0.01
48g6JydBECWLkUnxoExTkxicTWTFvvHjajmKVD4VtjmK,0.01
A1JtA2VuzunNVkmZp6cAww3uUixMDD11UYijSkxw3eEe,0.01
3uudphSSDLLTzgbjUHcEV5DPZ8c8kjTX8Kob9ZstodFG,0.01
Brg7mbsoYwsczSyXgw5pdqexLH9q6xJMq6FrU1dQ49gg,0.01
5zWVkDSprvW9VazzLMETicKB38SiU8wnHkJpc6cMrbb,0.01
MLTDbvsEdLRZ46N8DdWkJuZJMtWDjqTYfFBwWrz7vS8,0.01
6akP7sa2wnSkJxHVRDdtBH5daJ41M229WmWwxKnBecbc,0.01
FuqLWTiivoP3ytXfbHAyKwcnM4knveDf9hdhMujmx75q,0.01
Hiudsd3zoyHK5Yi8TJhzaH7VKmpuv6SwgeBohyoL1jpX,0.01
C2qPhk9o4zTHaTZwsy2RhE84Zpowt9ZxRemCj5RVLBf1,0.01
DmqaV9vYqZL4MiNkQrxoXzfb8aKLuA3w7mxdVEUrtXx7,0.01
3oHN4dM5ZiHDGedB6myZCWUsgdhQh5DivEpZxSVPQkdD,0.01
JumMKw7EaAbKqEZ35hHragNuQZPJLEDEknQ1K8xpSoN,0.01
BooVi1zSH5uQAxGoJHQNf9ZMbWfhweTP6ecyKxRQSVjr,0.01
G58ErrMFg4vZd8YshXymMbgmCoUDdyquSvQB6CUXeAYM,0.01
Mtrz43u6jkB4HSpVANUoreoXxTGjHjYnTtitHL6Fhqm,0.01
Giuyz5NnXB8N9t5uhJnd5pftLyeuyuD3o36WtAzM6W3T,0.01
AhzvgDgu1BMdhK8bT1T4KMiDJm6KqDxh1p7M4dGMxnTo,0.01
8AQ4D6RspSCRDY5rCkEWcWGwd66tgEXHyuP5yruJwoHL,0.01
Fr2QDM2fygc8oWma5cZwG6V1UFKVyccfz9SdrGorrwYh,0.01
B2axEAgKq8jvaEBHftCzQFz4aoaPFHSJHP5YMkcME4oJ,0.01
AsbgeikDTrMjFwYhxMR6zeamKFBmY2iSf3v7sspv4BZV,0.01
EMotRfnAfNAd3Sas5oHZKgBz4iW6dqm9hUV2bodCtgJS,0.01
5LSqtZLDJJPkFgReErDekKNFNp6oxXNHGEcwJR2BbQGM,0.01
87quxfncpP36Q4Z3MZHg2DFPrwzh3f6spyUSmqJfidsi,0.01
CiQQ4oUd9HSzYj5ptajpKtd7Ddhvs1oHba9DRhC2k92N,0.01
Ddzgvb6CQ2jRQmsdrybzG1V7CsSZoBuZEEAZkxAF7cN8,0.01
9a61HEF8Y85zVgFLmLKoxYaPoe67c1bspSd4XxAyaG21,0.01
6nCQH8w184nB3hdmynEh22MRpBTv6pgQbDmECqP7x15Z,0.01
3LKefxznxVMrA4YkLAB7aju2S3PPF7mn9Pax5UYtDwFX,0.01
6obe72bQzaK3dh5Cy1V2GMuh7GfT7E7TD9Fvj4NhbunK,0.01
8BHKUhyge7Rd8LZNiHrNrj7of56XnkKwXdDDwBUpyib,0.01
DBtkRPVPybgzttxgg2NKCMnp5EUHRKLQXuj3sVv1dK3M,0.01
3chFs1TvP8jxFPN5ZoShov6iFZPYWBj4CY7vq4Thrcrb,0.01
2RZtVNQTvNC6nvDfuj36TNMrw5Btg2RERGLZo2Be7X5L,0.01
8NEnX5q76gFQ8XqALwoMoEqzSJwhGwgFh4K8uiwTaopY,0.01
64pRgorSX2WjU67p4WMcimU13X58JwNU7g9X98MxXbQq,0.01
EWwaWRXu7RZSxj9SReMjsCrFhFC8VyQyFv7SeyLdYDpK,0.01
5gFBhf7zQrjkTdxXyxKb3sr4JZ4UUNH1oKxRpfKWbda7,0.01
HvEFVwKaHypXqxXkXXcTwE1wKjbwAjjWftpwVvWfZynR,0.01
7xKXjpP3dQmYbWzh3LUrWjMs8rgS9rriwPNZC2pXNztM,0.01
5LwRvSJjqfDuXPjV8xRDB94XWm6u6aJX5W7ovctSd89N,0.01
GFR1yDSC6YQEYComrckWXaQrvt558y46b54J4G2iGuDU,0.01
7zUb2wa3rYWH7cYsZmBMntUpkNSgH3AT3orMStJafy13,0.01
Ec6DNPrtMiSr4AhgxA2L1cyCycyq3PjSfRQrm9f3dRJU,0.01
FR4YU3awSwF84fUisN3cKyFrjyvNff9W1TL6MD6srgMT,0.01
9Ee3ZhDnm7BzKz6rsZEGe55hzm5rotwzduaQL8v2iX7Z,0.01
4mEyaWqLgF8MbLJKnNovsDJMHzQzM2XnaYLQMFVxC9R6,0.01
GHhHjog8oNUxjmd4KQ216wUyfQcBVhjKykweGs765PsS,0.01
732TjJbfPwFF7sJsYqXaw5fYLggFhoz67iF1yj7jrNZ7,0.01
GWv7jyk59G7LfjW3UPcEjziBvDeeM5kA2yswyhi2JcGD,0.01
AdePXeXDWVZmB9WhxuskwiP6rCoG3oPBT5ecAdv3XeS3,0.01
5P2BtZCsQrainD6JA7e9FxsCBJSF5Vgbps52oYL2xNnx,0.01
HvEySa7Xsi6tZUgjJHbydf2Gt82Ugps2wviPLm4Etzqo,0.01
9jCcJV69jx4KnFrjQe5D4U4ydPFPC91imw6QF7uC1Hf5,0.01
AYE29UFpFrEZ6aGu59csQsE57eUxqHUEQriQESikmSJL,0.01
HvNfYkqBwQQVTjdQ25qUG8ZUSZX6zcmhmC4J7wmK9Gn7,0.01
5ZiN2MeE91QDWKmDTwvQ2YYAdkJGKrrCAGpX3AGYzEak,0.01
JXBdaTnU2ztfwpdjrdG7pKWYFwejrFWhNE87zi4Lnqv,0.01
CY5FUFEPP2haneQ7NEBDqah7oXvntmk4Kbx1vB8ERcrj,0.01